﻿<?xml version="1.0" encoding="utf-8"?>
<ModMetaData>
	<name>Medieval Prosthetics Recipes Patch</name>
	<author>Joe Daly</author>
    <packageId>JoeDaly.MedP</packageId>
    <url></url>
	<supportedVersions>		
		<li>1.3</li>
	</supportedVersions>
	<description>A collection of limbs that are a fusion of reality and fantasy to give more prosthetic options to medieval runs. Updated recipes to be compatible with Medieval Overhaul/Rimedieval lacko of components.</description>
</ModMetaData>