<?xml version="1.0" encoding="utf-8" ?>
<Defs>
	<GradientHairMaskDef>
        <defName>G01</defName>
        <mask>GradientHair/G01</mask>
        <weight>1</weight>
	</GradientHairMaskDef>	
	<GradientHairMaskDef>
        <defName>G02</defName>
        <mask>GradientHair/G02</mask>
        <weight>1</weight>
	</GradientHairMaskDef>	
	<GradientHairMaskDef>
        <defName>G03</defName>
        <mask>GradientHair/G03</mask>
        <weight>1</weight>
	</GradientHairMaskDef>	
	<GradientHairMaskDef>
        <defName>G04</defName>
        <mask>GradientHair/G04</mask>
        <weight>1</weight>
	</GradientHairMaskDef>	
	<GradientHairMaskDef>
        <defName>G05</defName>
        <mask>GradientHair/G05</mask>
        <weight>1</weight>
	</GradientHairMaskDef>	
	<GradientHairMaskDef>
        <defName>G06</defName>
        <mask>GradientHair/G06</mask>
        <weight>1</weight>
	</GradientHairMaskDef>	
	<GradientHairMaskDef>
        <defName>G07</defName>
        <mask>GradientHair/G07</mask>
        <weight>1</weight>
	</GradientHairMaskDef>	
	<GradientHairMaskDef>
        <defName>G08</defName>
        <mask>GradientHair/G08</mask>
        <weight>1</weight>
	</GradientHairMaskDef>	
	<GradientHairMaskDef>
        <defName>G09</defName>
        <mask>GradientHair/G09</mask>
        <weight>1</weight>
	</GradientHairMaskDef>	
	<GradientHairMaskDef>
        <defName>G10</defName>
        <mask>GradientHair/G10</mask>
        <weight>1</weight>
	</GradientHairMaskDef>
	<GradientHairMaskDef>
        <defName>G11</defName>
        <mask>GradientHair/G11</mask>
        <weight>1</weight>
	</GradientHairMaskDef>	
	<GradientHairMaskDef>
        <defName>G12</defName>
        <mask>GradientHair/G12</mask>
        <weight>1</weight>
	</GradientHairMaskDef>	

</Defs>
