<?xml version="1.0" encoding="utf-8" ?>
<Patch>
	<Operation Class="PatchOperationFindMod">
		<mods>
			<li>Medieval Overhaul</li>
		</mods>
		<match Class="PatchOperationSequence">
			<operations>
				<li Class="PatchOperationAdd"> 
					<xpath>/Defs/BiomeDef[defName = "DankPyon_DarkForest"]/wildPlants</xpath>
					<value>
						<Plant_AYAloeVera>0.03</Plant_AYAloeVera>
						<Plant_AYBelladonna>0.03</Plant_AYBelladonna>
						<Plant_AYCinchona>0.03</Plant_AYCinchona>
						<Plant_AYGarlic>0.03</Plant_AYGarlic>
						<Plant_AYGinger>0.03</Plant_AYGinger>
						<Plant_AYGinkgoBiloba>0.03</Plant_AYGinkgoBiloba>
						<Plant_AYGinseng>0.03</Plant_AYGinseng>
						<Plant_AYKale>0.03</Plant_AYKale>
						<Plant_AYLavender>0.03</Plant_AYLavender>
						<Plant_AYNettle>0.03</Plant_AYNettle>
						<Plant_AYStarAnise>0.03</Plant_AYStarAnise>
						<Plant_AYStJohnsWort>0.03</Plant_AYStJohnsWort>
						<Plant_AYTurmeric>0.03</Plant_AYTurmeric>
						<Plant_AYWhiteWillow>0.03</Plant_AYWhiteWillow>
						<Plant_AYWormwood>0.03</Plant_AYWormwood>
						<Plant_AYYarrow>0.03</Plant_AYYarrow>
					</value>
				</li>
				<li Class="PatchOperationAdd"> 
					<xpath>/Defs/BiomeDef[defName = "DankPyon_AncientForest"]/wildPlants</xpath>
					<value>
						<Plant_AYAloeVera>0.03</Plant_AYAloeVera>
						<Plant_AYBelladonna>0.03</Plant_AYBelladonna>
						<Plant_AYCinchona>0.03</Plant_AYCinchona>
						<Plant_AYGarlic>0.03</Plant_AYGarlic>
						<Plant_AYGinger>0.03</Plant_AYGinger>
						<Plant_AYGinkgoBiloba>0.03</Plant_AYGinkgoBiloba>
						<Plant_AYGinseng>0.03</Plant_AYGinseng>
						<Plant_AYKale>0.03</Plant_AYKale>
						<Plant_AYLavender>0.03</Plant_AYLavender>
						<Plant_AYNettle>0.03</Plant_AYNettle>
						<Plant_AYStarAnise>0.03</Plant_AYStarAnise>
						<Plant_AYStJohnsWort>0.03</Plant_AYStJohnsWort>
						<Plant_AYTurmeric>0.03</Plant_AYTurmeric>
						<Plant_AYWhiteWillow>0.03</Plant_AYWhiteWillow>
						<Plant_AYWormwood>0.03</Plant_AYWormwood>
						<Plant_AYYarrow>0.03</Plant_AYYarrow>
					</value>
				</li>
			</operations>
		</match>
	</Operation>
</Patch>

