﻿<?xml version="1.0" encoding="utf-8"?>
<ModMetaData>
  <name>Medieval Overhaul Apothecary Plants Patch</name>
  <author>Archie</author>
  <packageId>archie.apothecarycontinuedplantspatch</packageId>
      <modDependencies>
        <li>
            <packageId>Mlie.Apothecary</packageId>
            <displayName>Apothecary (Continued)</displayName>
            <steamWorkshopUrl>steam://url/CommunityFilePage/2195469123</steamWorkshopUrl>
        </li>
		<li>
            <packageId>DankPyon.Medieval.Overhaul</packageId>
            <displayName>Medieval Overhaul</displayName>
            <steamWorkshopUrl>steam://url/CommunityFilePage/2553700067</steamWorkshopUrl>
        </li>
    </modDependencies>
	<loadAfter>
    <li>Mlie.Apothecary</li>
	<li>DankPyon.Medieval.Overhaul</li>
	</loadAfter>
	<supportedVersions>
		<li>1.3</li>
	</supportedVersions>
  <description>Allows apothecary plants to spawn in the dark forest and ancient forest medieval overhaul biomes.</description>
</ModMetaData>
