<?xml version="1.0" encoding="utf-8"?>
<Patch>

    <Operation Class="PatchOperationFindMod">
        <mods>
            <li>Vanilla Weapons Expanded</li>
        </mods>
        <match Class="PatchOperationSequence">
            <success>Always</success>
            <operations>

                <!-- Patch appropriate weapons to be usable with shields -->
                <li Class="PatchOperationAddModExtension">
                    <xpath>/Defs/ThingDef[defName="VWE_MeleeWeapon_Pickaxe"]</xpath>
                    <value>
                        <li Class="VFECore.ThingDefExtension">
                            <usableWithShields>true</usableWithShields>
                        </li>
                    </value>
                </li>

                <li Class="PatchOperationAddModExtension">
                    <xpath>/Defs/ThingDef[defName="VWE_MeleeWeapon_Hammer"]</xpath>
                    <value>
                        <li Class="VFECore.ThingDefExtension">
                            <usableWithShields>true</usableWithShields>
                        </li>
                    </value>
                </li>

            </operations>
        </match>
    </Operation>

</Patch>